WKT,Nome,Pais,Continente,Vertente principal,Subvertentes,Status
"POINT (24.284814 -31.388542)",Alien Safari,África do Sul,África,Psytrance - multigênero,"Full on, Prog, Night, Forest",Inativo
"POINT (11.4979 48.7904)",Nature Frequencies,Alemanha,Europa,Psytrance - multigênero,"Full on, Prog, Night, Forest",Inativo
"POINT (11.4153 53.2623)",Indian Spirit,Alemanha,Europa,Psytrance - multigênero,"Full on, Prog, Night, Forest",Ativo
"POINT (12.3821 52.7388)",Antaris Project,Alemanha,Europa,Psytrance - multigênero,"Full on, Prog, Night, Forest",Inativo
"POINT (12.1538 52.8625)",Vuuv Festival,Alemanha,Europa,Psytrance - multigênero,"Full on, Prog, Night, Forest",Ativo
"POINT (-58.172867 -34.17276)",Chakra Psy Festival,Argentina,América do Sul,Psytrance - multigênero,"Full on, Prog, Night, Forest",Ativo
"POINT (-58.872331 -35.160846)",Nighters Unity,Argentina,América do Sul,Psytrance - multigênero,"Full on, Prog, Night, Forest",Inativo
"POINT (-68.133044 -40.7462131)",Ganesha Trance,Argentina,América do Sul,Psytrance - multigênero,"Full on, Prog, Night, Forest",Inativo
"POINT (-61.16462 -32.88964)",Fractal Research,Argentina,América do Sul,Psytrance - multigênero,"Full on, Prog, Night, Forest",Inativo
"POINT (-59.05887 -34.792092)",Psychedelic Resistance,Argentina,América do Sul,Psytrance - multigênero,"Full on, Prog, Night, Forest",Ativo
"POINT (-64.190227 -31.567992)",Earthdance Argentina,Argentina,América do Sul,Psytrance - multigênero,"Full on, Prog, Night, Forest",Inativo
"POINT (121.995408 -31.979072)",Universal Frequencies,Austrália,Oceania,Psytrance - multigênero,"Full on, Prog, Night, Forest",Ativo
"POINT (145.374314 -32.276796)",Rainbow,Austrália,Oceania,Psytrance - multigênero,"Full on, Prog, Night, Forest",Inativo
"POINT (-68.007017 -16.575838)",Totem,Bolívia,América do Sul,Psytrance - multigênero,"Full on, Prog, Night, Forest",Ativo
"POINT (-60.145092 -2.548959)",Jacundá Trance Festival,Brasil,América do Sul,Psytrance - multigênero,"Full on, Prog, Night, Forest",Inativo
"POINT (-45.170907 -23.100547)",Mundo de Oz,Brasil,América do Sul,Psytrance - multigênero,"Full on, Prog, Night, Forest",Ativo
"POINT (-45.20952 -23.08043)",High Stage,Brasil,América do Sul,Hitech Psytrance,"Hitech, Darkpsy, Core",Ativo
"POINT (-45.178715 -23.078685)",Hitech Revolution,Brasil,América do Sul,Psytrance - multigênero,"Hitech, Darkpsy, Core",Ativo
"POINT (-44.845167 -21.060319)",Swampy Festival,Brasil,América do Sul,Psytrance - multigênero,"Full on, Prog, Night, Forest",Ativo
"POINT (-38.92635 -13.512251)",Universo Paralello,Brasil,América do Sul,Psytrance - multigênero,"Full on, Prog, Night, Forest",Ativo
"POINT (-52.07779 -28.78656)",Undervision Festival,Brasil,América do Sul,Psytrance - multigênero,"Full on, Prog, Night, Forest",Ativo
"POINT (-50.550707 -30.023123)",Earthdance Festival,Brasil,América do Sul,Psytrance - multigênero,"Full on, Prog, Night, Forest",Ativo
"POINT (-43.427707 -19.612239)",Pulsar Festival,Brasil,América do Sul,Darkpsy,"Hitech, Darkpsy, Core",Ativo
"POINT (-48.775212 -27.256784)",Festival Terrazul,Brasil,América do Sul,Psytrance - multigênero,"Full on, Prog, Night, Forest",Ativo
"POINT (-53.268706 -23.761119)",Elementorum Naturae,Brasil,América do Sul,Hitech Psytrance,"Full on, Prog, Night, Forest",Ativo
"POINT (-47.911257 -15.710742)",Zuvuya Festival,Brasil,América do Sul,Psytrance - multigênero,"Full on, Prog, Night, Forest",Ativo
"POINT (-49.279106 -16.542452)",Hipnótica Crew,Brasil,América do Sul,Psytrance - multigênero,"Full on, Prog, Night, Forest",Ativo
"POINT (-47.848644 -21.104368)",Makuna Festival,Brasil,América do Sul,Darkpsy,"Hitech, Darkpsy, Core",Ativo
"POINT (-48.822487 -25.47658)",Adhana Festival,Brasil,América do Sul,Psytrance - multigênero,"Full on, Prog, Night, Forest",Ativo
"POINT (-50.024575 -29.605478)",Origens Gathering,Brasil,América do Sul,Psytrance - multigênero,"Full on, Prog, Night, Forest",Ativo
"POINT (-63.898045 -9.094822)",Terra Oca,Brasil,América do Sul,Psytrance - multigênero,"Full on, Prog, Night, Forest",Inativo
"POINT (-35.202517 -8.359513)",Liquid Sky,Brasil,América do Sul,Psytrance - multigênero,"Full on, Prog, Night, Forest",Inativo
"POINT (-45.204391 -23.098494)",Naturaiz,Brasil,América do Sul,Psytrance - multigênero,"Darkpsy, Hitech, Core, Forest",Ativo
"POINT (-46.392073 -23.245285)",Pachamama Festival,Brasil,América do Sul,Psytrance - multigênero,"Full on, Prog, Night, Forest",Ativo
"POINT (-65.160572 -13.721316)",Jardim de Oz,Bolívia,América do Sul,Psytrance - multigênero,"Full on, Prog, Night, Forest",Ativo
"POINT (-62.77641 -17.065202)",Amazonas Andes Festival,Bolívia,América do Sul,Psytrance - multigênero,"Full on, Prog, Night, Forest",Ativo
"POINT (102.947911 11.122385)",Sacred Aeon Festival,Cambodia,Ásia,Psytrance - multigênero,"Full on, Prog, Night, Forest",Ativo
"POINT (-105.595987 49.538639)",Eclipse Festival,Canadá,América do Norte,Psytrance - multigênero,"Full on, Prog, Night, Forest",Ativo
"POINT (-71.208 46.8139)",Eclipse Festival,Canadá,América do Norte,Psytrance - multigênero,"Full on, Prog, Night, Forest",Ativo
"POINT (-72.370865 47.013977)",Limitless Festival,Canadá,América do Norte,Psytrance - multigênero,"Full on, Prog, Night, Forest",Ativo
"POINT (-74.014819 48.375358)",Grooven Bass Festival,Canadá,América do Norte,Psytrance - multigênero,"Full on, Prog, Night, Forest",Ativo
"POINT (-79.38973 45.07101)",Mind Levitation,Canadá,América do Norte,Psytrance - multigênero,"Full on, Prog, Night, Forest",Ativo
"POINT (-85.192186 51.953908)",Ananta Gathering,Canadá,América do Norte,Psytrance - multigênero,"Full on, Prog, Night, Forest",Ativo
"POINT (-73.5259 11.209893)",Aluna Ritual,Colômbia,América do Sul,Darkpsy,"Hitech, Darkpsy, Core",Ativo
"POINT (-72.88202 -36.712002)",Hybrid Festival,Chile,América do Sul,Psytrance - multigênero,"Full on, Prog, Night, Forest",Ativo
"POINT (-71.020313 -32.814198)",Montemapu Festival,Chile,América do Sul,Psytrance - multigênero,"Full on, Prog, Night, Forest",Inativo
"POINT (-71.154979 -34.371561)",Ritual Xalpen,Chile,América do Sul,Psytrance - multigênero,"Full on, Prog, Night, Forest",Ativo
"POINT (-70.348073 -33.845702)",Quantum Fest,Chile,América do Sul,Psytrance - multigênero,"Full on, Prog, Night, Forest",Ativo
"POINT (-71.481953 -33.04224)",Multiverse Festival,Chile,América do Sul,Psytrance - multigênero,"Full on, Prog, Night, Forest",Inativo
"POINT (-70.906146 -33.51225)",Mimosa Festival,Chile,América do Sul,Psytrance - multigênero,"Full on, Prog, Night, Forest",Ativo
"POINT (104.063824 30.849691)",Ligoor Spirit Festival,China,Ásia,Psytrance - multigênero,"Full on, Prog, Night, Forest",Ativo
"POINT (121.508543 30.033724)",Shuangda Festival,China,Ásia,Psytrance - multigênero,"Full on, Prog, Night, Forest",Ativo
"POINT (-83.4021537 10.2183551)",Envision Festival,Costa Rica,América Central,Psytrance - multigênero,"Full on, Prog, Night, Forest",Ativo
"POINT (15.4797019 45.2053353)",Mo.dem Festival,Croácia,Europa,Darkpsy,"Hitech, Darkpsy, Core",Ativo
"POINT (-78.122396 0.572869)",Forest Festival,Equador,América do Sul,Psytrance - multigênero,"Full on, Prog, Night, Forest",Ativo
"POINT (-6.448378 37.319755)",Global Tribe,Espanha,Europa,Psytrance - multigênero,"Full on, Prog, Night, Forest",Ativo
"POINT (-119.6982 34.4208)",Lucidity Festival,EUA,América do Norte,Psytrance - multigênero,"Full on, Prog, Night, Forest",Ativo
"POINT (-118.324689 34.528943)",Uforest Festival,EUA,América do Norte,Darkpsy,"Hitech, Darkpsy, Core",Ativo
"POINT (-121.115488 39.449545)",Heaven on Earth Festival,EUA,América do Norte,Darkpsy,"Hitech, Darkpsy, Core",Ativo
"POINT (-98.841636 30.548318)",Texas Eclipse,EUA,América do Norte,Psytrance - multigênero,"Full on, Prog, Night, Forest",Ativo
"POINT (-1.0001416 48.5430588)",Ethereal Decibel Festival,França,Europa,Psytrance - multigênero,"Full on, Prog, Night, Forest",Ativo
"POINT (3.7616 46.0201)",Nataraja Festival,França,Europa,Psytrance,"Full on, Prog, Night, Forest",Ativo
"POINT (5.703492 45.188742)",Hadra Trance Festival,França,Europa,Psytrance - multigênero,"Full on, Prog, Night, Forest",Ativo
"POINT (-90.627401 14.560312)",Cosmic Convergence,Guatemala,América Central,Psytrance - multigênero,"Full on, Prog, Night, Forest",Ativo
"POINT (-89.979085 15.638839)",OVNI Invasión,Guatemala,América Central,Psytrance - multigênero,"Full on, Prog, Night, Forest",Ativo
"POINT (23.709953 40.720365)",Free Earth Festival,Grécia,Europa,Psytrance - multigênero,"Full on, Prog, Night, Forest",Ativo
"POINT (18.410091 46.779312)",Ozora Festival,Hungria,Europa,Psytrance - multigênero,"Full on, Prog, Night, Forest",Ativo
"POINT (74.0119318 15.2316521)",Karacus Maracus,Índia,Ásia,Psytrance - multigênero,"Full on, Prog, Night, Forest",Ativo
"POINT (77.439124 31.712368)",Silvester Magica,Índia,Ásia,Psytrance - multigênero,"Full on, Prog, Night, Forest",Ativo
"POINT (76.975334 32.0411907)",Kali Mela,Índia,Ásia,Darkpsy,"Hitech, Darkpsy, Core",Ativo
"POINT (73.9662686 15.3894324)",Hill Top Goa,Índia,Ásia,Psytrance - multigênero,"Full on, Prog, Night, Forest",Ativo
"POINT (-0.249981 53.167294)",Invoke Festival,Inglaterra,Europa,Darkpsy,"Hitech, Darkpsy, Core",Ativo
"POINT (135.213746 35.059651)",Xibalba,Japão,Ásia,Darkpsy,"Hitech, Darkpsy, Core",Ativo
"POINT (-7.578707 32.692806)",Hypnophonia,Marrocos,África,Psytrance - multigênero,"Full on, Prog, Night, Forest",Inativo
"POINT (-3.40015 31.457302)",Transahara Festival,Marrocos,África,Psytrance - multigênero,"Full on, Prog, Night, Forest",Inativo
"POINT (-6.826367 33.170747)",Xylophobia,Marrocos,África,Psytrance - multigênero,"Full on, Prog, Night, Forest",Inativo
"POINT (-92.45536 16.280933)",Winter Solstice Gathering,México,América do Norte,Psytrance - multigênero,"Full on, Prog, Night, Forest",Ativo
"POINT (-104.822274 23.916436)",Trance Portal Festival,México,América do Norte,Psytrance - multigênero,"Full on, Prog, Night, Forest",Ativo
"POINT (-92.866588 17.466728)",Psycristrance Festival,México,América do Norte,Psytrance - multigênero,"Full on, Prog, Night, Forest",Ativo
"POINT (-98.994863 18.916937)",Atmosphere Festival,México,América do Norte,Psytrance - multigênero,"Full on, Prog, Night, Forest",Ativo
"POINT (-96.269526 19.23673)",Equinox Festival,México,América do Norte,Psytrance - multigênero,"Full on, Prog, Night, Forest",Ativo
"POINT (85.971816 28.30698)",Maya Gathering,Nepal,Ásia,Psytrance - multigênero,"Full on, Prog, Night, Forest",Ativo
"POINT (84.993448 27.367647)",Maya Mantra,Nepal,Ásia,Psytrance - multigênero,"Full on, Prog, Night, Forest",Inativo
"POINT (7.196158 58.337636)",Midnight Sun Festival,Noruega,Europa,Psytrance - multigênero,"Full on, Prog, Night, Forest",Ativo
"POINT (174.320699 -35.725995)",Lost in Paradise,Nova Zelândia,Oceania,Psytrance - multigênero,"Full on, Prog, Night, Forest",Ativo
"POINT (-80.392383 9.100921)",Tribe Gathering,Panamá,América Central,Psytrance - multigênero,"Full on, Prog, Night, Forest",Ativo
"POINT (-71.948714 -13.454688)",Arkana Festival,Perú,América do Sul,Psytrance - multigênero,"Full on, Prog, Night, Forest",Ativo
"POINT (-8.179916 39.070486)",ZNA Gathering,Portugal,Europa,Psytrance - multigênero,"Goa, Prog, Night, Forest",Ativo
"POINT (-7.831288 41.732198)",Forest Soul Gathering,Portugal,Europa,Psytrance - multigênero,"Forest, Darkpsy, Night",Ativo
"POINT (-7.45194 39.784492)",Boom Festival,Portugal,Europa,Psytrance - multigênero,"Full on, Prog, Night, Forest",Ativo
"POINT (-7.800269 40.337772)",Insomnia Festival,Portugal,Europa,Darkpsy,"Dark, Hitech, Forest, Full-on",Ativo
"POINT (-8.811818 39.249052)",Trance Odissey,Portugal,Europa,Psytrance - multigênero,"Full on, Prog, Night, Forest",Ativo
"POINT (24.803299 46.492779)",Mumush Festival,Romênia,Europa,Psytrance - multigênero,"Full on, Prog, Night, Forest",Ativo
"POINT (21.940234 43.557516)",Pyramid Festival,Sérvia,Europa,Darkpsy,"Dark, Hitech, Forest, Full-on",Ativo
"POINT (9.1011 46.3439)",Shankra Festival,Suíça,Europa,Psytrance - multigênero,"Full on, Prog, Night, Forest",Ativo
"POINT (99.80451 9.111928)",Sola Luna Festival,Tailândia,Ásia,Psytrance - multigênero,"Full on, Prog, Night, Forest",Ativo
"POINT (9.829413 37.284509)",Arzeia Festival,Tunísia,África,Psytrance - multigênero,"Full on, Prog, Night, Forest",Inativo
"POINT (27.217006 38.557962)",Tree of Life Festival,Turquia,Europa,Psytrance - multigênero,"Full on, Prog, Night, Forest",Ativo
"POINT (-54.209206 -34.458919)",Inchalla Festival,Uruguai,América do Sul,Psytrance - multigênero,"Full on, Prog, Night, Forest",Ativo
"POINT (-66.753783 10.044612)",Huytaca Ritual,Venezuela,América do Sul,Psytrance - multigênero,"Full on, Prog, Night, Forest",Ativo
"POINT (15.177458 -21.845339)",Fractal Festival,Namíbia,África,Psytrance - multigênero,"Full on, Prog, Night, Forest",Ativo
"POINT (-99.10219436053397 18.68348324474699)",Festival Ometeotl,México,América do Norte,Psytrance,"Full on, Prog, Night, Forest",Ativo
"POINT (-48.4839341 -27.6329362)",Ritual Mushroom,Brasil,América do Sul,Psytrance,"Dark, Hitech, Forest, Full-on",Ativo
"POINT (-40.3451956 -20.4614755)",Ecologic,Brasil,América do Sul,Psytrance Multigênero,Full on,Ativo
"POINT (-98.5865402 20.1760956)",Zelebra,México,América do Norte,Psytrance,Full-on,Ativo
"POINT (17.7010311 49.7598091)",UFO BUFO FESTIVAL,República Tcheca,Europa,Psytrance,Darkpsy,Ativo
"POINT (3.0490669 44.6485256)",Fraktal Forest Festival,França,Europa,Psytrance,"Full on, Prog, Night, Forest",Ativo
"POINT (-0.9056623 41.5976275)",SIzígia Total Eclipse,Espanha,Europa,Psytrance,Full-on,Ativo
"POINT (99.5323587 14.0226098)",Moon Mountain,Tailândia,Ásia,Psytrance,Full-on,Ativo
"POINT (55.2707828 25.2048493)",3rd Eye Events,Emirados Árabes Unidos,Ásia,Psytrance,Full-on,Ativo
